{
  "$schema": "https://raw.githubusercontent.com/JanDeDobbeleer/oh-my-posh/main/themes/schema.json",
  "blocks": [
    {
      "alignment": "left",
      "segments": [
        {
          "background": "#21c7a8",
          "foreground": "#011627",
          "leading_diamond": "\u256d\u2500\ue0b6",
          "properties": {
            "windows": "\ue62a"
          },
          "style": "diamond",
          "template": " {{ if .WSL }}WSL at {{ end }}{{.Icon}}  ",
          "trailing_diamond": "\ue0b0",
          "type": "os"
        },
        {
          "background": "#ef5350",
          "foreground": "#ffeb95",
          "powerline_symbol": "\ue0b0",
          "style": "powerline",
          "template": " \uf292 ",
          "type": "root"
        },
        {
          "background": "#82AAFF",
          "foreground": "#011627",
          "powerline_symbol": "\ue0b0",
          "leading_powerline_symbol": "\ue0d7",
          "properties": {
            "folder_icon": "\uf07c ",
            "folder_separator_icon": "<#011627>\ue0b1</> ",
            "home_icon": " \ueb06 ",
            "style": "agnoster"
          },
          "style": "powerline",
          "template": "{{ path .Path .Location }}",
          "type": "path"
        },
        {
          "background": "#addb67",
          "background_templates": [
            "{{ if or (.Working.Changed) (.Staging.Changed) }}#e4cf6a{{ end }}",
            "{{ if and (gt .Ahead 0) (gt .Behind 0) }}#f78c6c{{ end }}",
            "{{ if gt .Ahead 0 }}#C792EA{{ end }}",
            "{{ if gt .Behind 0 }}#c792ea{{ end }}"
          ],
          "foreground": "#011627",
          "powerline_symbol": "\ue0b0",
          "properties": {
            "branch_icon": "\ue725 ",
            "fetch_status": true,
            "fetch_upstream_icon": true,
            "fetch_worktree_count": true,
            "mapped_branches": {
              "feat/*": "🚀 ",
              "bug/*": "🐛 "
            }
          },
          "style": "powerline",
          "template": " {{ .UpstreamIcon }} {{ .HEAD }}{{if .BranchStatus }} {{ .BranchStatus }}{{ end }}{{ if .Working.Changed }} \uf044 {{ .Working.String }}{{ end }}{{ if and (.Working.Changed) (.Staging.Changed) }} |{{ end }}{{ if .Staging.Changed }} \uf046 {{ .Staging.String }}{{ end }}{{ if gt .StashCount 0 }} \ueb4b {{ .StashCount }}{{ end }} ",
          "type": "git"
        },
        {
          "background": "#575656",
          "foreground": "#d6deeb",
          "leading_diamond": "\ue0d7",
          "properties": {
            "style": "roundrock",
            "threshold": 0
          },
          "style": "diamond",
          "template": " {{ .FormattedMs }}",
          "trailing_diamond": "\ue0b4",
          "type": "executiontime"
        }
      ],
      "type": "prompt"
    },
    {
      "alignment": "right",
      "overflow": "break",
      "segments": [
        {
          "background": "#d6deeb",
          "foreground": "#011627",
          "leading_diamond": "\ue0b6",
          "style": "diamond",
          "template": "\uf489  {{ .Name }} ",
          "trailing_diamond": "\ue0d6",
          "type": "shell"
        },
        {
          "background": "#8f43f3",
          "foreground": "#ffffff",
          "leading_diamond": "\ue0b2",
          "style": "diamond",
          "template": "\ue266 {{ round .PhysicalPercentUsed .Precision }}% ",
          "trailing_diamond": "\ue0d6",
          "type": "sysinfo"
        },
        {
          "background": "#ffffff",
          "foreground": "#ce092f",
          "leading_diamond": "\ue0b2",
          "style": "diamond",
          "template": "\ue753 {{ if .Error }}{{ .Error }}{{ else }}{{ .Full }}{{ end }} ",
          "trailing_diamond": "\ue0d6",
          "type": "angular"
        },
        {
          "background": "#ffffff",
          "foreground": "#de1f84",
          "leading_diamond": "\ue0b2",
          "style": "diamond",
          "template": "\u03b1 {{ if .Error }}{{ .Error }}{{ else }}{{ .Full }}{{ end }} ",
          "trailing_diamond": "\ue0d6",
          "type": "aurelia"
        },
        {
          "background": "#565656",
          "foreground": "#faa029",
          "leading_diamond": "\ue0b2",
          "style": "diamond",
          "template": "\ue7ad {{ .Profile }}{{ if .Region }}@{{ .Region }}{{ end }} ",
          "trailing_diamond": "\ue0d6",
          "type": "aws"
        },
        {
          "background": "#ffffff",
          "foreground": "#337bb6",
          "leading_diamond": "\ue0b2",
          "style": "diamond",
          "template": "\uebd8 {{ .EnvironmentName }} ",
          "trailing_diamond": "\ue0d6",
          "type": "az"
        },
        {
          "background": "#ffffff",
          "foreground": "#5398c2",
          "leading_diamond": "\ue0b2",
          "style": "diamond",
          "template": "\uf104<#f5bf45>\uf0e7</>\uf105 {{ if .Error }}{{ .Error }}{{ else }}{{ .Full }}{{ end }} ",
          "trailing_diamond": "\ue0d6",
          "type": "azfunc"
        },
        {
          "background": "#5a7a94",
          "foreground": "#100e23",
          "leading_diamond": "\ue0b2",
          "style": "diamond",
          "template": "\ue311  cds {{ if .Error }}{{ .Error }}{{ else }}{{ .Full }}{{ end }} ",
          "trailing_diamond": "\ue0d6",
          "type": "cds"
        },
        {
          "background": "#ffffff",
          "foreground": "#000000",
          "leading_diamond": "\ue0b2",
          "style": "diamond",
          "template": "\uE370 {{ if .Error }}{{ .Error }}{{ else }}{{ .Full }}{{ end }} ",
          "trailing_diamond": "\ue0d6",
          "type": "crystal"
        },
        {
          "background": "#ffffff",
          "foreground": "#1d5185",
          "leading_diamond": "\ue0b2",
          "style": "diamond",
          "template": "\uf40a  cf {{ if .Error }}{{ .Error }}{{ else }}{{ .Full }}{{ end }} ",
          "trailing_diamond": "\ue0d6",
          "type": "cf"
        },
        {
          "background": "#ffffff",
          "foreground": "#1d5185",
          "leading_diamond": "\ue0b2",
          "style": "diamond",
          "template": "\uf40a {{if .Org }}{{ .Org }}{{ end }}{{ if .Space }}/{{ .Space }}{{ end }} ",
          "trailing_diamond": "\ue0d6",
          "type": "cftarget"
        },
        {
          "background": "#d2d2d2",
          "foreground": "#01a300",
          "leading_diamond": "\ue0b2",
          "style": "diamond",
          "template": "<#2829b2>\ue61e</> <#be1818>\ue61d</>  cmake {{ if .Error }}{{ .Error }}{{ else }}{{ .Full }}{{ end }} ",
          "trailing_diamond": "\ue0d6",
          "type": "cmake"
        },
        {
          "background": "#e1e8e9",
          "foreground": "#055b9c",
          "leading_diamond": "\ue0b2",
          "style": "diamond",
          "template": "\ue798 {{ if .Error }}{{ .Error }}{{ else }}{{ .Full }}{{ end }} ",
          "trailing_diamond": "\ue0d6",
          "type": "dart"
        },
        {
          "background": "#0e0e0e",
          "foreground": "#0d6da8",
          "leading_diamond": "\ue0b2",
          "style": "diamond",
          "template": "\ue77f  {{ if .Unsupported }}\uf071{{ else }}{{ .Full }}{{ end }} ",
          "trailing_diamond": "\ue0d6",
          "type": "dotnet"
        },
        {
          "background": "#06A4CE",
          "foreground": "#ffffff",
          "leading_diamond": "\ue0b2",
          "style": "diamond",
          "template": "\ue28e {{ if .Error }}{{ .Error }}{{ else }}{{ .Full }}{{ end }} ",
          "trailing_diamond": "\ue0d6",
          "type": "flutter"
        },
        {
          "background": "#ffffff",
          "foreground": "#06aad5",
          "leading_diamond": "\ue0b2",
          "style": "diamond",
          "template": "\ue626 {{ if .Error }}{{ .Error }}{{ else }}{{ .Full }}{{ end }} ",
          "trailing_diamond": "\ue0d6",
          "type": "go"
        },
        {
          "background": "#100e23",
          "foreground": "#906cff",
          "leading_diamond": "\ue0b2",
          "style": "diamond",
          "template": "\ue61f {{ if .Error }}{{ .Error }}{{ else }}{{ .Full }}{{ end }} ",
          "trailing_diamond": "\ue0d6",
          "type": "haskell"
        },
        {
          "background": "#ffffff",
          "foreground": "#ec2729",
          "leading_diamond": "\ue0b2",
          "style": "diamond",
          "template": "\ue738 {{ if .Error }}{{ .Error }}{{ else }}{{ .Full }}{{ end }} ",
          "trailing_diamond": "\ue0d6",
          "type": "java"
        },
        {
          "background": "#945bb3",
          "foreground": "#ffffff",
          "leading_diamond": "\ue0b2",
          "style": "diamond",
          "template": "<#ca3c34>\ue624</> {{ if .Error }}{{ .Error }}{{ else }}{{ .Full }}{{ end }} ",
          "trailing_diamond": "\ue0d6",
          "type": "julia"
        },
        {
          "background": "#906cff",
          "foreground": "#ffffff",
          "leading_diamond": "\ue0b2",
          "style": "diamond",
          "template": "K {{ if .Error }}{{ .Error }}{{ else }}{{ .Full }}{{ end }} ",
          "trailing_diamond": "\ue0d6",
          "type": "kotlin"
        },
        {
          "background": "#316ce4",
          "foreground": "#ffffff",
          "leading_diamond": "\ue0b2",
          "style": "diamond",
          "template": "\uf308 {{.Context}} :: {{if .Namespace}}{{.Namespace}}{{else}}default{{end}} ",
          "trailing_diamond": "\ue0d6",
          "type": "kubectl"
        },
        {
          "background": "#ffffff",
          "foreground": "#000081",
          "leading_diamond": "\ue0b2",
          "style": "diamond",
          "template": "\ue620 {{ if .Error }}{{ .Error }}{{ else }}{{ .Full }}{{ end }} ",
          "trailing_diamond": "\ue0d6",
          "type": "lua"
        },
        {
          "background": "#303030",
          "foreground": "#3C873A",
          "leading_diamond": "\ue0b2",
          "properties": {
            "fetch_package_manager": true,
            "npm_icon": "<#cc3a3a>\ue71e</> ",
            "yarn_icon": "<#348cba>\ue6a7</> "
          },
          "style": "diamond",
          "template": "\ue718 {{ if .PackageManagerIcon }}{{ .PackageManagerIcon }} {{ end }}{{ .Full }} ",
          "trailing_diamond": "\ue0d6",
          "type": "node"
        },
        {
          "background": "#6488c0",
          "foreground": "#1e293b",
          "leading_diamond": "\ue0b2",
          "style": "diamond",
          "template": "Nx {{ if .Error }}{{ .Error }}{{ else }}{{ .Full }}{{ end }} ",
          "trailing_diamond": "\ue0d6",
          "type": "nx"
        },
        {
          "background": "#41436d",
          "foreground": "#ffffff",
          "leading_diamond": "\ue0b2",
          "style": "diamond",
          "template": "\ue769 {{ if .Error }}{{ .Error }}{{ else }}{{ .Full }}{{ end }} ",
          "trailing_diamond": "\ue0d6",
          "type": "perl"
        },
        {
          "background": "#787CB5",
          "foreground": "#000000",
          "leading_diamond": "\ue0b2",
          "style": "diamond",
          "template": "\ue73d {{ if .Error }}{{ .Error }}{{ else }}{{ .Full }}{{ end }} ",
          "trailing_diamond": "\ue0d6",
          "type": "php"
        },
        {
          "background": "#306998",
          "foreground": "#FFE873",
          "leading_diamond": "\ue0b2",
          "style": "diamond",
          "template": "\ue235  {{ if .Error }}{{ .Error }}{{ else }}{{ if .Venv }}{{ .Venv }} {{ end }}{{ .Full }}{{ end }}",
          "trailing_diamond": "\ue0d6",
          "type": "python"
        },
        {
          "background": "#b9bbbf",
          "foreground": "#1c68bd",
          "leading_diamond": "\ue0b2",
          "style": "diamond",
          "template": "R {{ if .Error }}{{ .Error }}{{ else }}{{ .Full }}{{ end }} ",
          "trailing_diamond": "\ue0d6",
          "type": "r"
        },
        {
          "background": "#ffffff",
          "foreground": "#9c1006",
          "leading_diamond": "\ue0b2",
          "style": "diamond",
          "template": "\ue791 {{ if .Error }}{{ .Error }}{{ else }}{{ .Full }}{{ end }} ",
          "trailing_diamond": "\ue0d6",
          "type": "ruby"
        },
        {
          "background": "#ffffff",
          "foreground": "#000000",
          "leading_diamond": "\ue0b2",
          "style": "diamond",
          "template": "\ue7a8 {{ if .Error }}{{ .Error }}{{ else }}{{ .Full }}{{ end }} ",
          "trailing_diamond": "\ue0d6",
          "type": "rust"
        },
        {
          "background": "#fe562e",
          "foreground": "#ffffff",
          "leading_diamond": "\ue0b2",
          "style": "diamond",
          "template": "\ue755 {{ if .Error }}{{ .Error }}{{ else }}{{ .Full }}{{ end }} ",
          "trailing_diamond": "\ue0d6",
          "type": "swift"
        },
        {
          "background": "#234d70",
          "foreground": "#d6deeb",
          "leading_diamond": "\ue0b2",
          "properties": {
            "time_format": "15:04:05"
          },
          "style": "diamond",
          "template": "\ue641 {{ .CurrentDate | date .Format }}",
          "trailing_diamond": "\ue0b4",
          "type": "time"
        }
      ],
      "type": "prompt"
    },
    {
      "alignment": "left",
      "newline": true,
      "segments": [
        {
          "foreground": "#21c7a8",
          "style": "plain",
          "template": "\u2570\u2500",
          "type": "text"
        },
        {
          "background": "#1DB954",
          "foreground": "#011627",
          "leading_diamond": "\ue0b6",
          "properties": {
            "playing_icon": "\uf1bc "
          },
          "style": "diamond",
          "template": " {{ .Icon }}{{ if ne .Status \"stopped\" }}{{ .Artist }} ~ {{ .Track }}{{ end }} ",
          "trailing_diamond": "\ue0c6 ",
          "type": "spotify"
        },
        {
          "foreground": "#22da6e",
          "foreground_templates": ["{{ if gt .Code 0 }}#ef5350{{ end }}"],
          "properties": {
            "always_enabled": true
          },
          "style": "plain",
          "template": "\ue285\ue285",
          "type": "status"
        }
      ],
      "type": "prompt"
    }
  ],
  "console_title_template": "{{ .Folder }}",
  "final_space": true,
  "transient_prompt": {
    "background": "transparent",
    "foreground": "#d6deeb",
    "template": "\ue285 "
  },
  "version": 3
}
